{
    "items": [
        {
            "Name": "Checkpoints",
            "TextColor": {
                "r": 1.0,
                "g": 1.0,
                "b": 1.0,
                "a": 1.0
            },
            "FontSize": 12,
            "FontStyle": 0,
            "ImageColor": {
                "r": 0.33725491166114809,
                "g": 0.4117647111415863,
                "b": 0.8588235378265381,
                "a": 1.0
            },
            "ImageType": 4
        }
    ]
}